209065007,pay.jjmyx.top
209055184,pay.kssdwj.cn
209051560,pay.lzkjh.top
209065127,pay.mhmyk.top
209055146,pay.lzkjh.top
208823904,pay.jjmyx.top
208405797,pay.kssdwj.cn
209049729,pay.kssdwj.cn
208831110,pay.lzkjh.top
208399035,pay.kssdwj.cn
208823717,pay.jjmyx.top
208830607,pay.kssdwj.cn
208394302,pay.jjmyx.top
208405689,pay.kssdwj.cn
208826607,pay.jjmyx.top
209055776,pay.mysyg.top
209049229,pay.lzkjh.top
208405937,pay.kssdwj.cn
208399275,pay.jjmyx.top
209051844,pay.jjmyx.top
208823591,pay.lzkjh.top
209051339,pay.telmyb.top
208826704,pay.kssdwj.cn
209049790,pay.mysyg.top
208826782,pay.jjmyx.top
209044894,pay.mhmyk.top
209044495,pay.kssdwj.cn
209049718,pay.kssdwj.cn
208826901,pay.lzkjh.top
209049332,pay.telmyb.top
209044533,pay.kssdwj.cn
208402996,pay.jjmyx.top
208398647,pay.mysyg.top
208402812,pay.mysyg.top
208394061,pay.kssdwj.cn
208393852,pay.kssdwj.cn
208393861,pay.kssdwj.cn
208402509,pay.kssdwj.cn
208401998,pay.lzkjh.top
208393671,pay.mhmyk.top
207585914,pay.telmyb.top
208402117,pay.lzkjh.top
208398618,pay.lzkjh.top
206049178,pay.mysyg.top
208398427,pay.mhmyk.top
208402132,pay.telmyb.top