209029149,pay.tiangongd.cn
209019253,pay.tiangongd.cn
209024415,pay.tiangongd.cn
209018607,pay.tiangongd.cn
209019139,pay.tiangongd.cn
208848226,pay.tiangongd.cn
208852224,pay.tiangongd.cn
208844121,pay.mhmyk.top 
208848101,pay.mhmyk.top 
208847741,pay.mhmyk.top 
208851772,pay.mhmyk.top 
208851960,pay.mhmyk.top 
208856483,pay.mysyg.top
208851928,pay.mysyg.top
208843838,pay.mysyg.top
208847789,pay.mysyg.top
208847678,pay.mysyg.top
208851438,pay.jjmyx.top
208843928,pay.jjmyx.top
208851199,pay.jjmyx.top
208847712,pay.jjmyx.top
208856115,pay.jjmyx.top
208851355,pay.lzkjh.top
208847520,pay.lzkjh.top
208843589,pay.lzkjh.top
208855527,pay.lzkjh.top
208851203,pay.lzkjh.top
208847396,pay.kssdwj.cn
208850859,pay.kssdwj.cn
208843304,pay.kssdwj.cn
208847198,pay.kssdwj.cn
208843282,pay.kssdwj.cn
208855371,pay.telmyb.top
208855347,pay.telmyb.top
208850835,pay.telmyb.top
208855259,pay.telmyb.top
208850684,pay.telmyb.top